issue_type,escalation_rate
ASIN Merge,0.22857142857142856
Account Health,0.16326530612244897
Listing Issue,0.13953488372093023
Order Defect,0.1891891891891892
Policy Clarification,0.16666666666666666
